{"cameraMode":{"drawMode":0,"name":"Shaded","section":"Shading Mode"},"sceneLighting":false,"audioPlay":false,"sceneViewState":{"showFog":true,"showMaterialUpdate":true,"showSkybox":false,"showFlares":true,"showImageEffects":true,"showParticleSystems":true},"in2DMode":false,"pivot":{"x":29.019376754760743,"y":-6.850258827209473,"z":6.603090286254883},"rotation":{"x":-0.12316908687353134,"y":-0.622299075126648,"z":0.09997878223657608,"w":-0.7665514349937439},"size":17.082677841186525,"orthographic":false}