{"cameraMode":{"drawMode":0,"name":"Shaded","section":"Shading Mode"},"sceneLighting":false,"audioPlay":false,"sceneViewState":{"showFog":true,"showMaterialUpdate":true,"showSkybox":false,"showFlares":true,"showImageEffects":true,"showParticleSystems":true},"in2DMode":false,"pivot":{"x":17.12053108215332,"y":-27.411346435546876,"z":21.491535186767579},"rotation":{"x":-0.34420743584632876,"y":-0.5046071410179138,"z":0.22917349636554719,"w":-0.7578931450843811},"size":25.162769317626954,"orthographic":false}