{"cameraMode":{"drawMode":0,"name":"Shaded","section":"Shading Mode"},"sceneLighting":false,"audioPlay":false,"sceneViewState":{"showFog":true,"showMaterialUpdate":true,"showSkybox":false,"showFlares":true,"showImageEffects":true,"showParticleSystems":true},"in2DMode":false,"pivot":{"x":-19.156457901000978,"y":0.8712707757949829,"z":-18.186031341552736},"rotation":{"x":-0.004239232279360294,"y":-0.9957783222198486,"z":0.06462656706571579,"w":-0.06520991772413254},"size":6.434117794036865,"orthographic":false}