{"cameraMode":{"drawMode":0,"name":"Shaded","section":"Shading Mode"},"sceneLighting":false,"audioPlay":false,"sceneViewState":{"showFog":true,"showMaterialUpdate":true,"showSkybox":false,"showFlares":true,"showImageEffects":true,"showParticleSystems":true},"in2DMode":false,"pivot":{"x":-0.7198830842971802,"y":-2.194838285446167,"z":-7.833329677581787},"rotation":{"x":0.18654407560825349,"y":-0.8109625577926636,"z":0.35518184304237368,"w":0.4259198307991028},"size":11.953939437866211,"orthographic":false}