{"cameraMode":{"drawMode":0,"name":"Shaded","section":"Shading Mode"},"sceneLighting":false,"audioPlay":false,"sceneViewState":{"showFog":true,"showMaterialUpdate":true,"showSkybox":false,"showFlares":true,"showImageEffects":true,"showParticleSystems":true},"in2DMode":false,"pivot":{"x":-2.511449098587036,"y":-6.760105609893799,"z":-7.873897552490234},"rotation":{"x":0.01907501183450222,"y":-0.94478839635849,"z":0.32235828042030337,"w":0.05590980872511864},"size":9.986632347106934,"orthographic":false}