{"cameraMode":{"drawMode":0,"name":"Shaded","section":"Shading Mode"},"sceneLighting":false,"audioPlay":false,"sceneViewState":{"showFog":true,"showMaterialUpdate":true,"showSkybox":false,"showFlares":true,"showImageEffects":true,"showParticleSystems":true},"in2DMode":false,"pivot":{"x":-3.058885335922241,"y":-0.6310081481933594,"z":5.598313331604004},"rotation":{"x":-0.12175679206848145,"y":-0.35566234588623049,"z":0.04679149389266968,"w":-0.9254705905914307},"size":3.8335087299346926,"orthographic":false}