{"cameraMode":{"drawMode":0,"name":"Shaded","section":"Shading Mode"},"sceneLighting":false,"audioPlay":false,"sceneViewState":{"showFog":true,"showMaterialUpdate":true,"showSkybox":false,"showFlares":true,"showImageEffects":true,"showParticleSystems":true},"in2DMode":false,"pivot":{"x":-19.56626319885254,"y":-1.2370142936706544,"z":-16.844850540161134},"rotation":{"x":-0.05430974066257477,"y":-0.9428263902664185,"z":0.26735004782676699,"w":-0.1915050446987152},"size":5.234117031097412,"orthographic":false}