{"cameraMode":{"drawMode":0,"name":"Shaded","section":"Shading Mode"},"sceneLighting":false,"audioPlay":false,"sceneViewState":{"showFog":true,"showMaterialUpdate":true,"showSkybox":false,"showFlares":true,"showImageEffects":true,"showParticleSystems":true},"in2DMode":false,"pivot":{"x":-19.156362533569337,"y":-3.370917797088623,"z":-15.241890907287598},"rotation":{"x":-0.05430974066257477,"y":-0.9428263902664185,"z":0.26735004782676699,"w":-0.1915050446987152},"size":6.434117794036865,"orthographic":false}