{"cameraMode":{"drawMode":0,"name":"Shaded","section":"Shading Mode"},"sceneLighting":false,"audioPlay":false,"sceneViewState":{"showFog":true,"showMaterialUpdate":true,"showSkybox":false,"showFlares":true,"showImageEffects":true,"showParticleSystems":true},"in2DMode":false,"pivot":{"x":117.12059020996094,"y":610.58740234375,"z":-689.8143310546875},"rotation":{"x":-0.24064728617668153,"y":-0.045989345759153369,"z":0.011416119523346424,"w":-0.9694587588310242},"size":112.35853576660156,"orthographic":false}