{"cameraMode":{"drawMode":0,"name":"Shaded","section":"Shading Mode"},"sceneLighting":true,"audioPlay":false,"sceneViewState":{"showFog":true,"showMaterialUpdate":true,"showSkybox":true,"showFlares":true,"showImageEffects":true,"showParticleSystems":true},"in2DMode":false,"pivot":{"x":467.6712341308594,"y":254.99668884277345,"z":36.255645751953128},"rotation":{"x":0.029387813061475755,"y":0.027307063341140748,"z":-0.0007213032222352922,"w":0.9992519617080689},"size":141.7141876220703,"orthographic":false}