{"cameraMode":{"drawMode":0,"name":"Shaded","section":"Shading Mode"},"sceneLighting":false,"audioPlay":false,"sceneViewState":{"showFog":true,"showMaterialUpdate":true,"showSkybox":false,"showFlares":true,"showImageEffects":true,"showParticleSystems":true},"in2DMode":false,"pivot":{"x":-52.46811294555664,"y":-14.115944862365723,"z":13.232219696044922},"rotation":{"x":0.1264905035495758,"y":-0.6141366362571716,"z":0.10057287663221359,"w":0.7724944353103638},"size":22.78067398071289,"orthographic":false}