{"cameraMode":{"drawMode":0,"name":"Shaded","section":"Shading Mode"},"sceneLighting":true,"audioPlay":false,"sceneViewState":{"showFog":true,"showMaterialUpdate":true,"showSkybox":false,"showFlares":true,"showImageEffects":true,"showParticleSystems":true},"in2DMode":false,"pivot":{"x":-383.85791015625,"y":4373.4619140625,"z":-1108.1097412109375},"rotation":{"x":0.008209945634007454,"y":-0.9908013343811035,"z":0.11526075750589371,"w":0.0705714300274849},"size":3506.07080078125,"orthographic":false}