{"cameraMode":{"drawMode":0,"name":"Shaded","section":"Shading Mode"},"sceneLighting":false,"audioPlay":false,"sceneViewState":{"showFog":true,"showMaterialUpdate":true,"showSkybox":false,"showFlares":true,"showImageEffects":true,"showParticleSystems":true},"in2DMode":false,"pivot":{"x":-0.565488338470459,"y":3.423107385635376,"z":1.9194352626800538},"rotation":{"x":-0.07371863722801209,"y":-0.028148895129561425,"z":0.0021182335913181307,"w":-0.99693763256073},"size":4.330127239227295,"orthographic":false}