{"cameraMode":{"drawMode":0,"name":"Shaded","section":"Shading Mode"},"sceneLighting":false,"audioPlay":false,"sceneViewState":{"showFog":true,"showMaterialUpdate":true,"showSkybox":false,"showFlares":true,"showImageEffects":true,"showParticleSystems":true},"in2DMode":false,"pivot":{"x":0.15949594974517823,"y":-2.032944440841675,"z":-0.30142033100128176},"rotation":{"x":-0.4622282385826111,"y":-0.29412180185317995,"z":0.16580171883106233,"w":-0.8199713826179504},"size":4.135533809661865,"orthographic":false}