{"cameraMode":{"drawMode":0,"name":"Shaded","section":"Shading Mode"},"sceneLighting":false,"audioPlay":false,"sceneViewState":{"showFog":true,"showMaterialUpdate":true,"showSkybox":false,"showFlares":true,"showImageEffects":true,"showParticleSystems":true},"in2DMode":false,"pivot":{"x":41.1833610534668,"y":-19.94843101501465,"z":-20.589078903198243},"rotation":{"x":-0.12233418971300125,"y":-0.8249850273132324,"z":0.19561442732810975,"w":-0.5159513354301453},"size":22.533363342285158,"orthographic":false}