{"cameraMode":{"drawMode":0,"name":"Shaded","section":"Shading Mode"},"sceneLighting":false,"audioPlay":false,"sceneViewState":{"showFog":true,"showMaterialUpdate":true,"showSkybox":false,"showFlares":true,"showImageEffects":true,"showParticleSystems":true},"in2DMode":false,"pivot":{"x":0.5648401975631714,"y":0.06911918520927429,"z":0.7603496313095093},"rotation":{"x":-0.14790023863315583,"y":-0.5657649040222168,"z":0.10401071608066559,"w":-0.8045017719268799},"size":1.1660256385803223,"orthographic":false}