{"cameraMode":{"drawMode":0,"name":"Shaded","section":"Shading Mode"},"sceneLighting":false,"audioPlay":false,"sceneViewState":{"showFog":true,"showMaterialUpdate":true,"showSkybox":false,"showFlares":true,"showImageEffects":true,"showParticleSystems":true},"in2DMode":false,"pivot":{"x":-2.046398639678955,"y":-2.6204733848571779,"z":2.1376140117645265},"rotation":{"x":-0.3682991564273834,"y":-0.10648004710674286,"z":0.04250607267022133,"w":-0.9226120710372925},"size":6.1855854988098148,"orthographic":false}