{"cameraMode":{"drawMode":0,"name":"Shaded","section":"Shading Mode"},"sceneLighting":false,"audioPlay":false,"sceneViewState":{"showFog":true,"showMaterialUpdate":true,"showSkybox":false,"showFlares":true,"showImageEffects":true,"showParticleSystems":true},"in2DMode":false,"pivot":{"x":-6.789531707763672,"y":-11.759349822998047,"z":5.2239298820495609},"rotation":{"x":-0.4611203968524933,"y":0.23098894953727723,"z":-0.12568314373493195,"w":-0.8474773168563843},"size":12.45700740814209,"orthographic":false}