{"cameraMode":{"drawMode":0,"name":"Shaded","section":"Shading Mode"},"sceneLighting":true,"audioPlay":false,"sceneViewState":{"showFog":true,"showMaterialUpdate":true,"showSkybox":true,"showFlares":true,"showImageEffects":true,"showParticleSystems":true},"in2DMode":false,"pivot":{"x":188.79241943359376,"y":-38.4526252746582,"z":457.96868896484377},"rotation":{"x":-0.15083050727844239,"y":-0.072006955742836,"z":0.011021272279322148,"w":-0.9859021902084351},"size":278.84381103515627,"orthographic":false}