{"cameraMode":{"drawMode":0,"name":"Shaded","section":"Shading Mode"},"sceneLighting":true,"audioPlay":false,"sceneViewState":{"showFog":true,"showMaterialUpdate":true,"showSkybox":true,"showFlares":true,"showImageEffects":true,"showParticleSystems":true},"in2DMode":false,"pivot":{"x":84.50220489501953,"y":-30.74494171142578,"z":-65.84580993652344},"rotation":{"x":-0.03453725576400757,"y":-0.9633982181549072,"z":0.2177806794643402,"w":-0.1529475599527359},"size":63.63925552368164,"orthographic":false}